{
	"info": {
		"_postman_id": "9d97f8d3-3198-4ff9-b25a-89dca5a2d5f7",
		"name": "new_ems",
		"schema": "https://schema.getpostman.com/json/collection/v2.1.0/collection.json",
		"_exporter_id": "2422707"
	},
	"item": [
		{
			"name": "Get All Employees",
			"request": {
				"method": "GET",
				"header": [],
				"url": {
					"raw": "http://localhost:8080/employees",
					"protocol": "http",
					"host": [
						"localhost"
					],
					"port": "8080",
					"path": [
						"employees"
					]
				}
			},
			"response": []
		},
		{
			"name": "Add New Employee",
			"request": {
				"method": "POST",
				"header": [],
				"body": {
					"mode": "raw",
					"raw": "{\r\n    \"firstName\": \"Kiran\",\r\n    \"lastName\": \"Kadam\",\r\n    \"email\": \"kiran@gmail.com\",\r\n    \"password\": \"45678\",\r\n    \"salary\": 123456,\r\n    \"joinDate\": \"2023-10-12\",\r\n    \"location\": \"Mumbai\",\r\n    \"department\": \"Finance\"\r\n}",
					"options": {
						"raw": {
							"language": "json"
						}
					}
				},
				"url": {
					"raw": "http://localhost:8080/employees",
					"protocol": "http",
					"host": [
						"localhost"
					],
					"port": "8080",
					"path": [
						"employees"
					]
				}
			},
			"response": []
		},
		{
			"name": "Get Emp details By emp id",
			"request": {
				"method": "GET",
				"header": [],
				"url": {
					"raw": "http://localhost:8080/employees/2",
					"protocol": "http",
					"host": [
						"localhost"
					],
					"port": "8080",
					"path": [
						"employees",
						"2"
					]
				}
			},
			"response": []
		}
	]
}